REST_LF,REST_LFF,REST_LL,TX_LF,TX_LFF,TX_LL,TX_N_LF,TX_N_LFF,TX_N_LL,TY_LF,TY_LFF,TY_LL,TY_N_LF,TY_N_LFF,TY_N_LL,TZ_LF,TZ_LFF,TZ_LL,TZ_N_LF,TZ_N_LFF,TZ_N_LL,RX_LF,RX_LFF,RX_LL,RX_N_LF,RX_N_LFF,RX_N_LL,RY_LF,RY_LFF,RY_LL,RY_N_LF,RY_N_LFF,RY_N_LL,RZ_LF,RZ_LFF,RZ_LL,RZ_N_LF,RZ_N_LFF,RZ_N_LL,TXY_PP_LF,TXY_PP_LFF,TXY_PP_LL,TXY_NN_LF,TXY_NN_LFF,TXY_NN_LL,TYZ_NP_LF,TYZ_NP_LFF,TYZ_NP_LL,RXZ_PN_LF,RXZ_PN_LFF,RXZ_PN_LL,TXY_RZ_NPP_LF,TXY_RZ_NPP_LFF,TXY_RZ_NPP_LL,R_leader_LF,R_leader_LFF,R_leader_LL
4.488472465093309,4.493651792204673,4.492775471781897,2.6127754717822427,4.748554840522502,2.242775471781897,2.9882942448452923,3.49376566812316,2.6027754717815696,5.224159477199464,3.7040557540117334,4.27899835277276,5.504201260243917,4.759260111043659,2.0672424321774088,13.198811309696794,15.009122766962719,1.3475744513689278,12.264217694120816,5.369341934794647,1.8231574816873035,5.124141514218991,15.00964403972398,4.2738048287101265,15.00434992294413,15.009642307064723,4.15376822705457,3.6233468421783073,15.009583942887957,2.878793463916736,15.009180901069158,15.009180901066202,5.479197269755787,8.454473490884084,4.258198741075148,2.933541733232232,8.554077438418972,4.803915574369512,2.4135803613789903,5.479038810028669,5.269016727898361,3.4880690312274965,6.55881130969783,5.814093059426796,3.193157481686285,15.009292683722379,15.00946649695652,3.36896448596508,5.509519473192086,12.464712167004564,4.689257450477271,6.044277479483753,7.348930014082043,5.554368354170947,5.138977660992623,6.744216833286828,3.3482186865794574
4.493294244845856,4.494027172253027,4.488472465091945,4.093329673391054,3.0786049973144145,7.253608465441175,6.323917439358411,4.158950967099372,2.6431434151836584,5.033472465092473,3.8440879115132702,2.6236848803046087,7.189382409588234,4.838746415519836,2.5233521767368075,6.403784338701826,2.298157481686985,1.9874991482065525,3.657537373429932,3.3689644859659893,2.3778919846627105,4.9539440744920284,5.12397766099366,2.7037265532680976,7.713977660993805,15.009292683723288,5.678922842591419,5.724082704845841,15.004407465463828,4.023739272814055,15.00934992294333,15.00434992294413,2.8487843387056273,4.168363662061438,7.104498161642823,3.213412131386576,9.489077438416643,3.913885493982434,4.5342243943459835,8.053545610317997,6.124420294072024,4.057945790738813,5.1483468421779435,5.399194161812829,3.8040774384180622,15.009409642844275,6.893998352772542,4.878930014081561,8.824695238612549,15.004642307066206,2.9794052719653337,8.209352542746274,10.46449019899228,6.469450060413692,10.27948030383368,5.934548892772909,3.9486848803044268
4.493651792205583,4.491927295544883,4.493294244846766,2.8432633947054455,3.053368858490103,3.659044525156787,4.538853698238654,4.548486839639281,2.748442881779738,5.353861815951859,3.493069031229197,2.313514792951537,4.468472465091963,8.744193239207107,3.913472465092127,15.009586290798325,1.8022888019677339,1.3575744513673271,2.5229969239317143,2.858784338704254,3.0933468421771977,7.599189167990517,15.014180901066084,4.789099348800846,5.424033026138659,9.904210004130164,3.178396296768369,15.00918090106552,7.3792902427903755,1.432787105695752,15.013726553265315,6.444180901066829,2.123396296766259,6.053853698235798,4.068726553267879,2.958275961765139,4.244181857033709,5.794387121587988,3.0588797385244106,4.198979278601655,6.759093059427187,4.10873656239346,5.749082704848206,4.898930014081543,2.9832942448447284,7.77409814957764,5.678775074505211,2.9885677145157388,4.26937762458374,7.454410092670969,4.259172463885989,6.44905017275596,7.704424447734709,5.5992214832895115,6.313893169363382,6.414310886421845,3.0238536982387814
4.493651792205696,4.492775471782352,4.493651792203764,3.7932186865791664,2.902971678870017,2.7573336441892025,3.223447459588897,2.948275961763102,3.213205399634262,6.304027172253427,4.464021247089022,2.3628640131032626,4.923937090759637,6.0788718814974345,2.613363662062511,1.54783529106885,1.777679294162681,1.5128057880297092,3.213663004877617,4.093736562392223,1.5078057880291453,4.874098149576639,3.7440787039922725,2.9585548405234476,4.1539509670990356,4.298984123639912,4.143554840523848,15.00912276696181,15.00947036976686,2.1283962967695516,15.009122766961582,4.65406127008373,1.85817834458976,5.274022704192703,4.868756116258737,3.3884868396417005,5.589061270083562,4.188416943134143,3.1739246774463936,5.133651792205228,3.8588698195676443,4.693363662061984,7.844212997220666,12.134486942738022,3.798853698237508,15.009409642844389,4.94911308300334,7.688651792204837,6.739471759647358,6.589465080080572,3.539015249338263,6.159428960233981,8.774493414180142,5.1238113096969755,3.7681987410742295,6.314173443093296,4.823915574369039
4.493294244845174,4.493294244844947,4.4936517922060375,4.943795883398934,5.068518853409387,2.443300027177429,3.247945790738413,4.21376566812296,2.9379969239325874,4.443457815132888,9.86419726975555,2.6281217955734064,4.113736562392887,3.8438698195659526,2.938541733232796,7.5888718814981075,9.923861815951568,1.6484910963322363,2.7287365623928963,4.043938867470388,2.328225155241398,7.46395096709864,12.374496589071441,4.369003030673412,15.00941439238909,9.279426502328079,3.398992074329726,15.008900739805767,15.009409642845185,7.234045900854653,15.009009177659209,8.434266863335779,2.103380143560571,5.0341275300952475,5.059301903685991,3.0788698195647157,4.5585009464575705,5.958837110621062,4.0333521767374805,4.578879738525302,6.1694244477353095,3.7781987410735383,4.588684880304072,7.604189167989716,2.7184622821118865,6.869108160431324,15.00423546616912,3.0135803613766257,12.86472116037271,7.369398592950347,3.789077438415916,7.02449341418037,8.009342510729311,5.603765668122378,5.469038810025268,5.733677088087461,3.233447459589115
4.493837110620007,4.493114291250549,4.493472465092509,2.737864013103035,4.298998352772287,2.683412131388195,4.323604997315215,5.013294244845383,2.9582759617624106,9.099132241800817,6.1640091776584995,2.4382572830936624,5.058979278599509,3.544028608354438,2.4032381958745646,15.009235466168775,7.17890820744833,1.1610196043047836,2.878030063335814,4.129150590637892,2.282805788029691,3.188432349404138,4.789270924225548,2.388596331789813,6.889239891862417,4.504216833286591,2.38355484052272,15.009409642844275,15.009583942889549,2.4079807718721895,15.009235466169002,5.744094274751205,1.8331574816866123,5.759235466169002,10.679336499415058,3.1036169976846395,3.71360499731486,5.024305576822371,3.813427656738895,4.8884622821133235,5.53420521126327,3.188432349404138,4.4586517922052735,6.454190101528184,3.133401232027154,11.424380026317522,9.134322509942194,2.9580215495425364,15.004466496956638,15.009524877442345,3.703828635589616,5.09897111563555,11.094597494991831,4.803915574367238,5.699228120403632,15.009642307064041,3.4285323534854797
4.493837110620234,4.494027172253482,4.493114291250549,2.9930215495407992,3.9937060519687293,1.9914553786006763,2.9930215495407992,2.9932942448449467,2.9932942448449467,2.9935677145156205,1.992537373430423,2.9932942448449467,3.9935009464577433,4.99429268372387,1.9925373734295135,2.993567714515393,1.9921447883530163,0.9843677569238025,2.9930215495407992,1.9932942448454014,1.9928919846615827,10.994355141520373,4.994292683722961,1.9932942448454014,9.994292683724325,3.9943364994151125,1.9932942448458562,14.994176704085248,6.99387771146894,2.9932942448472204,14.994349922943456,12.989055754010678,1.993294244846311,5.993977660994005,3.993500946457061,1.988294244845747,3.9939082074474754,5.993837110620916,2.993837110621371,4.994292683724552,2.9927754717814423,3.9937060519669103,5.993567714515848,3.993706051969184,1.9928919846620374,7.9894443541950295,2.9935677145163027,1.9932942448449467,6.994616702827443,4.9892926837246705,3.9943364994137482,5.994407465464292,4.9939509670994084,2.9882942448466565,5.994122766961709,5.994407465464064,2.9927754717832613
4.493472465093191,4.493651792206492,4.493294244846311,2.9930215495410266,2.988837110618988,1.992891984662947,5.993837110620461,3.9937060519687293,1.9921447883530163,3.988695551967794,3.9937060519682746,1.993294244846311,2.9938371106200066,6.98949019899419,1.9932942448440372,0.9904633685282533,14.994466496956193,0.9904633685282533,1.9932942448454014,2.993021549540572,1.9932942448467657,3.994122766961709,5.994263502662761,2.9938371106204613,2.993837110620916,3.9943364994128387,1.9937060519678198,14.993950967098726,4.993784338702426,1.9928919846624922,14.994066722106936,12.989253233246018,1.9932942448440372,3.993500946457516,7.989444354195257,1.9925373734308778,5.989263502662197,3.993908207448385,2.9932942448454014,3.9939082074488397,11.994553903508859,1.9925373734295135,3.993091929106413,3.99390820744793,2.993294244846311,3.99390820744793,3.994122766961482,1.9925373734295135,14.99452487744361,7.99444435419673,4.994466496954374,11.98970091288902,6.994491811670741,3.994122766961482,5.994407465464064,3.993706051969639,3.994122766961027
4.493472465093191,4.493294244845401,4.493472465094328,2.992537373429059,2.9877754717822427,0.9918057089471404,3.993294244845174,3.9928919846615827,1.992537373430423,4.9936169976847395,3.993706051969184,1.9928919846615827,3.993500946457061,2.9935677145149384,1.9925373734299683,1.9925373734295135,4.994122766961482,1.9928919846615827,2.9935677145156205,3.99390820744793,0.9898947815190695,4.99429268372387,2.9941227669601176,2.9938371106204613,4.994122766961709,7.994228120404387,1.9932942448472204,14.994176704084111,11.994407465464064,4.993784338702881,14.989176704085367,3.9935009464566065,0.9898947815204338,2.993837110620916,3.993706051969184,2.9935677145144837,3.9941227669607997,3.9889082074491853,3.9889082074487305,6.988877711468831,3.993908207448385,2.9938371106200066,3.9886955519675666,3.9941227669619366,2.993567714515393,3.9939082074474754,3.9941227669605723,1.9928919846620374,6.994491811670741,4.989292683721942,2.9944074654636097,3.9937060519682746,7.994336499414658,2.9935677145163027,3.9886955519680214,2.9932942448449467,2.993837110619097
4.493472465092964,4.493114291251459,4.493837110619552,3.4134868396389493,3.633580361379245,2.1321176168385136,3.167645365321164,3.043069031228697,3.253178344591106,6.259295783980633,15.004466496955501,2.8434868396361708,4.778218686578612,10.489490198995554,2.6583962967679327,4.14855484052282,12.059411804283172,1.7376104327422581,15.0041227669617,9.699360276993048,1.592891984662856,9.189420294072306,15.014466496957539,2.638695551971068,5.889108160431306,15.009292683723743,2.8187750745046287,15.009235466168775,15.009409642842456,4.202996923933824,15.009409642844844,15.004407465463828,1.51331214475249,4.424028608352955,9.224517745967205,3.2136878738838277,6.694472109826393,15.00958394288773,3.2989440744913736,15.009414392388976,6.429180901066957,3.3129716788698715,15.004466496955729,15.014524877444728,2.69341213138523,15.00946649695561,15.009409642845185,3.4437464155171256,15.009583942888185,9.579534514386069,4.014127530094811,15.009583942887957,15.009644039723298,4.669246226415453,6.7787265532668926,12.81958177653587,3.313950967096389
4.493651792205355,4.493294244845401,4.493651792203309,2.7881783445909605,3.003567714516066,2.5127563861678937,15.009180901065974,3.0666042817592825,3.303442881780029,15.008616997685294,5.439189167990207,3.0783468421759608,12.789580684876455,11.824547622453338,2.3628640131055363,15.009292683724425,5.004302563223973,4.603869819563442,15.00929268372397,2.6583962967702064,2.998294244843237,6.414446269378004,6.824098149577367,4.63424701396616,15.009409642844275,6.289298857183894,3.1989082074460384,15.014066722107145,15.009524877444164,3.8488698195678808,15.004524877444055,12.034481979614156,15.014122766961918,5.213837110620489,7.8645491392139775,4.178957770348461,4.058329673392336,9.679360276992611,3.838651792206292,8.779394056316505,6.264572880741525,4.908275961764048,8.573885493982061,14.544630797781792,3.178396296770188,15.009524877443937,15.009642307064041,5.793802453243188,15.00964230706495,15.009701468718049,10.229394056318597,9.404341934793251,15.00970146871623,4.588861815950622,13.13445931473916,6.044411804282845,3.258930014078942
4.493651792205128,4.492775471782807,4.493294244845856,4.578684880303854,6.438528386250255,2.2928057880299093,4.5433121447536,15.014180901066084,2.022537373429259,4.213765668122733,5.203990505128786,2.253136136208923,6.553811309696584,15.009466496955156,3.5437750745049925,15.009235466168207,15.008950967098826,2.4432572830919526,12.409082704846924,2.1233962967689877,2.943541733229722,15.004407465464283,15.009470369766404,15.00946649695561,15.014292683723625,15.014349922944803,5.843957770349334,15.009299523370828,15.009243469664398,2.9032381958768383,15.004292683724543,15.00918090106643,3.6388113096963934,7.853580361378363,7.964446658652378,3.2284474595880965,4.403442881779256,11.179444354196221,2.7834578151332607,8.939405271965597,15.004407465463373,3.2384474595874053,10.304146076538359,7.55407211119018,2.332537373429659,15.009409642844275,15.00958394288773,2.4782942448455287,15.004582862522739,10.324653120508174,15.00946649695652,8.814009177659273,12.984522330428263,5.40434461922996,10.224055754012397,10.39932596455219,3.033312144753836
4.492775471781897,4.488472465092855,4.49294579073694,4.993950967098499,5.994122766961709,3.993500946455697,3.9882942448452923,3.993500946456834,3.994122766961482,3.9941227669623913,3.994122766961709,2.9932942448449467,6.994367828673148,2.992775471781215,1.9925373734290588,14.994009177659336,6.994242673469444,0.9904633685291628,9.99429268372387,3.9882942448452923,1.9928919846602184,5.994122766961482,14.994466496954601,2.993837110619097,2.993837110619552,1.9878919846619283,1.9932942448440372,8.994216833284554,14.994407465464292,3.994122766959208,14.994176704084566,14.99458286252343,4.993950967099863,3.9937060519682746,4.993784338703108,3.9937060519687293,2.993294244844492,8.994310886422,2.993294244844037,3.994122766961027,7.993802453243688,3.993294244844037,4.993457815133752,4.993616997684512,3.993706051969639,11.99440746546452,14.994524877443155,2.993837110620916,7.994444354195821,11.994407465464292,2.9941227669605723,4.993616997684967,8.994504354897344,4.993950967098499,4.993457815132842,14.994700912888902,2.993837110619097
4.493472465092054,4.492775471782579,4.492610432742367,4.993457815132842,2.993294244845629,1.9932942448454014,3.993294244844037,2.993021549541254,1.9925373734290588,7.994444354195821,6.994367828673376,1.988294244843928,3.993908207448385,2.9935677145149384,2.993567714517212,6.994122766961027,4.993616997684057,0.9882098169841811,2.993294244844492,2.9938371106204613,0.9925373734281493,14.994466496954374,6.994122766961937,2.994122766963301,2.993567714515848,6.994367828673376,2.9938371106200066,14.994466496954374,15.994444354195366,1.9882942448466565,14.994349922943911,14.994407465463837,0.9918057089439571,5.994263502662761,4.988616997683948,4.994122766963301,4.99395096709668,2.9938371106204613,3.99390820744793,6.993765668122705,5.993977660994005,2.9932942448467657,9.993950967098499,4.993950967098272,3.99370605196782,13.993937090760028,14.994407465464064,3.992891984662492,5.9891227669600084,7.994553903509313,2.9941227669623913,14.994524877442927,10.994513363398028,2.9932942448454014,6.9944918116721055,6.994242673469444,2.994407465464519
4.493651792204673,4.487288801967225,4.493472465094783,3.9932942448472204,2.993567714515848,2.992537373428604,4.993294244844492,2.9927754717821244,1.9932942448467657,3.9939082074488397,3.99370605196782,2.993837110619097,2.9932942448449467,2.9930215495414814,2.993567714515848,2.9927754717828066,4.9934578151335245,0.9918057089444119,3.993294244845856,3.993294244844492,3.9932942448449467,12.99452062409091,4.994292683724325,2.993567714514029,13.994616702826079,1.9932942448454014,1.9932942448440372,9.993869819566953,14.993950967098499,0.9918057089435024,14.994176704085021,14.99440746546452,1.9937060519678198,3.9937060519682746,7.994553903510905,1.9932942448449467,5.994122766961482,3.9941227669605723,3.99390820744793,6.994003030676595,5.994553903509541,2.9888371106198974,6.993640390036944,6.994122766961709,4.994122766959663,14.994466496956647,11.994193239207107,1.9932942448458562,6.994242673470126,6.994367828673603,3.994336499416022,9.989553903509204,6.994367828673148,3.9932942448431277,5.993837110619097,7.994444354195593,2.988294244843928
4.493114291250549,4.4926104327400935,4.493651792205583,3.223157481687849,3.0583296733911993,2.597459721831001,5.404027172252881,5.819098149577599,4.088726553265587,5.434189167990098,4.789263502661356,3.22366300487829,4.358616997685658,15.009644039724208,2.9785548405234294,15.009355691378914,15.009235466169685,1.4977754717829157,2.5230538220866947,15.009292683723288,2.6333801435621353,11.17928955605612,14.459629092862542,4.8339155743688025,12.299358264366674,15.009409642844503,2.868793463916518,15.009292683724652,15.009701468717367,10.60918185703531,15.00423546616912,15.154418629899055,3.2689370907601187,6.6794682627974,7.034493414180588,3.4385009464576797,8.34457535589263,9.98955390350875,2.8334868396377715,4.7792601110440955,9.878937090761156,3.36805382208604,5.694224394346747,7.349044525157751,5.744231810841939,15.009524877444164,15.009524877445529,4.148746415514324,15.009642307065405,15.009642307065405,5.669529055989642,9.01941439238999,10.054212997221384,4.288592787060679,6.64933374792281,6.263885493980979,3.568329673392327
4.493294244845856,4.493114291250549,4.493837110620007,3.8886984855698756,15.009292683723743,2.3578640131026987,3.988335151463616,4.333427656737058,3.0780919291091777,2.9685839851922537,3.3582381958742644,2.733136136207577,3.4385009464576797,14.564450060410763,2.4679716788705264,2.3578640131024713,4.5788618159512,2.287874447213653,3.7534121313874493,8.844301903685505,2.473275961766376,13.489407465463955,15.009349922943557,15.00923546616923,7.7992091233986685,15.009409642844275,4.444209123400469,15.014243469665416,15.009409642844503,15.009292683725107,15.00919010152711,15.009180901067111,4.914108160431169,2.8231987410731563,15.009524877443255,2.8682186865789845,4.504027172253245,5.819391762240798,4.088726553268316,6.65421386791877,13.65941608003061,4.043545610320507,4.598861815949931,6.499189167989925,3.238178344591688,10.189562409575956,6.214150590636791,3.968695551968267,10.699501277495074,15.059761344532376,6.054418629895736,15.004760276061006,7.209505879401831,4.293784338702608,4.969289556055628,6.85448030383327,3.3039440744951207
4.493472465093419,4.493651792205355,4.492945790739213,2.6784121313871765,2.682835291068386,2.638380143559516,5.294022704194049,11.40850094645748,3.8086661238776287,3.7538639136478196,5.8442462264142705,2.233472465091836,6.808971115637178,14.809577375441563,3.1078352910681133,6.904123890211849,4.419009177659291,1.587419037012296,7.049249746187115,3.103616997684867,2.6887163844094175,10.189650239537514,10.824426502327015,3.0485927870640808,10.144301903684891,15.274648567279769,9.089413949955087,7.543957770347333,15.464481979613083,3.7288371106205886,6.569066722107891,15.0040667221067,5.574209123398759,6.989122766960918,4.358802453243243,2.8788223270685194,6.879231810842157,15.009527944189358,3.5585548405233567,5.629066722106472,8.994122766961482,3.5781645449224015,7.774217694122399,7.45417246388547,3.7338371106197883,15.004582862523876,6.559457488871203,3.8038618159525868,11.40968569793472,15.009583942888185,4.389399062081793,7.4692895560565375,14.399688742940725,4.324384774608006,15.00958394288864,4.293784338704654,3.2589300140816704
10.113312144753081,4.493472465092282,4.493472465093873,3.1383636620616926,5.703930014081493,3.043329673392691,6.543427656737549,4.2934121313865035,3.323457815132315,5.189004553567429,3.45899050512935,2.8579457907362666,4.958944074493047,10.369569446478636,2.758768227053224,15.009235466168775,5.549055754011988,2.467645365320095,2.5383296733916723,8.468971115635668,2.2678744472132166,15.009409642844275,8.679486942736503,2.958554840522993,15.009524877444164,3.36371638440869,4.82427747948077,15.009349922944693,15.00918090106643,2.247775471780187,15.009349922943784,15.009409642844503,2.262459721831874,3.453514792950955,5.2943309735178445,3.1583801435599526,6.004122766960791,7.409168179796325,4.333822327067537,4.774082704847842,3.8938854939819976,4.2235803613793905,4.688885493981616,15.00923546616832,3.5685548405226655,14.299563598322038,5.874249746186138,3.4835283862485085,12.119558804164171,14.99970091288833,4.439400835893139,7.114264248999461,6.10427676386189,4.503472465093182,6.4891850554863595,6.254575355894417,5.073640390036417
4.493472465093873,4.492610432741458,4.493294244844037,3.533312144753836,5.194319640972026,2.6280690312305524,4.783218686579403,2.4779716788711994,2.838486839642428,3.973695551968376,4.424009177659627,2.9082572830930076,14.844519189336097,2.968828635589034,2.588346842176179,2.7131361362085045,5.173828635589416,1.156019604305584,15.009235466168775,2.973554840523093,2.513628793533826,15.009409642846094,9.084510397167833,14.994466496954374,15.004466496954592,4.644055754012015,1.8681987410745933,15.00918090106643,4.669061270082693,13.994553903510678,15.009349922944239,15.009299523371283,3.273937090760228,6.569066722106527,4.549224394346311,4.103736562393351,15.00947036976595,7.924440483815488,3.028853698237981,4.468651792205492,7.389283217016782,3.733030063331171,5.033793463916027,6.463793463915636,3.7986403900367804,6.314298857183076,10.284480303834016,4.1341505906384555,15.00970146871714,10.454657557265364,5.499514833079957,5.76879346391479,6.894483644620777,5.28933097351819,4.903765668122105,13.794483644620868,3.7840721111897437
4.493294244844947,4.492775471781897,4.493114291249185,2.502679294162135,2.6478057880299275,2.9380538220866583,3.1128640131032626,3.9831434151817575,3.3081987410732836,3.4237365623926053,3.6790501727564333,2.828198741071901,15.009524877444164,4.21416385113298,2.44825728309479,1.8381574816867214,10.934193239207161,2.698412131388068,2.4586049973145236,3.5685548405222107,2.643380143561444,8.169349922943184,9.84445748887174,5.059301903685991,15.009466496955156,15.009009177659664,7.4794074654646465,15.004176704084784,11.199367828672166,1.8831987410721922,15.009180901067339,15.009409642844275,2.4786169976841848,3.5787934639156447,3.593793463916427,2.9332572830926438,5.078971115636705,6.043990505128477,2.9185283862507276,4.973457815133315,5.5342052112641795,9.089413949952359,6.544325354821922,5.1536630048776715,3.393486839637262,15.00946649695561,15.009466496952882,3.313950967098208,15.00952487744371,15.009701468716912,6.0794160800278405,15.00964230706495,15.019642307066079,3.623346842178762,5.064308564505154,10.53957869657097,6.499453799892763
4.492775471782352,4.493114291251459,4.488651792205019,4.723541733232196,4.569236280081668,4.0333121447529265,2.612775471783152,3.8486517922065104,2.958021549539808,2.743442881781448,3.6738200362005955,3.1283636620610196,4.223580361378481,4.033922842589163,2.2874991482103724,4.27859278706228,8.548877711469231,1.1716042817597554,7.188698485568693,2.9588286355892706,2.2030919291073587,7.434403062169167,4.648877711468231,8.058915574369166,7.534295783979815,3.5240091776595364,3.2436984855667106,9.034122766961445,3.558554840524721,1.4922888019636957,15.009349922944239,5.614061270083766,1.858178344591579,3.328706051966037,15.009586290799234,3.708432349399118,4.3237934639173545,15.014583942888294,2.6587060519696024,4.388476825093676,4.303793463915099,3.708225155241962,4.6238698195647885,7.089260865362121,3.4632759617643387,3.539015249340082,13.089325354821995,2.457945790739359,7.949551412131768,3.719286400611054,4.124355141520027,5.269328175915689,7.994553903509313,3.433500946456661,5.07866612387852,10.799509198002852,3.7788536982388905
4.4931142912500945,4.492945790738304,4.493651792205128,3.148380143558825,15.004176704086603,2.842945790737758,3.733178344591124,3.4376104327416215,2.5126792941609892,3.398971115635959,6.014266863335251,2.5780455781705314,4.70907211119038,5.164316747603607,2.6331434151861686,2.533640390036453,2.318178344590706,1.1573087830747681,6.624072111189889,2.858500946455024,2.0783636620608377,15.00952487744371,5.879401301070629,3.4389841236379652,4.824093059428378,13.059322509941012,3.308695551971141,9.388992074330417,5.659072111189744,1.7480690312277147,15.009409642844275,15.009524877444619,1.6580300633331717,5.94411308300414,6.779347281858463,3.403486839640209,5.3190152493393725,5.90439859295202,2.59367403273518,5.414347281859136,3.713396296770952,3.2386630048767984,5.953828635590526,3.168640390037581,3.4134868396367892,7.679535859275802,15.009349922944239,3.2686848803050452,6.964488576048552,9.174610192143064,4.214163851134799,6.779093059427851,5.919253233247218,4.4242052112686,13.854676846049642,5.4441932392073795,3.173900739806413
4.4926104327400935,4.492775471781897,4.494027172252572,2.657805788029691,3.4687561162600105,2.4679716788723454,5.233684880304736,2.818244482359205,2.903238195875929,11.754470016990581,5.569362814183478,2.6633962967707703,9.779453799895236,7.879325354823777,2.3778919846627105,2.0075373734302957,1.8081852011896444,1.2674190370116776,3.2934428817784465,7.914438528336632,2.1380455781727505,15.009235466168775,14.964299523373029,3.368739272815219,15.009349922944239,15.019235466168084,2.6937163844095267,12.669370306442488,3.46875611626092,1.7480690312286242,15.00907870399351,4.4440152493393725,1.457712261780216,6.634464719347761,4.1789727582663545,2.663396296768042,5.148984123641185,8.214249746187306,2.9582759617642296,12.374496589072805,6.37417246388577,6.028845463970356,6.853977660993678,4.9191081604312785,2.792377032780678,15.00952487744371,4.939123890214432,4.423839321214473,15.009586290799689,13.489602475182437,3.6640570914869386,14.144683218696628,6.189426502326569,5.899398592950092,3.924108160432752,5.289022704193485,3.103877711469977
4.493472465093419,4.493837110620007,4.493837110620007,3.887864013102444,7.989342510727965,2.398281905442218,5.768651792206356,4.978966154199497,2.3029020581680015,12.834513363398628,4.313990505129368,2.768777585682983,7.079253233247073,3.2139318195227133,2.488643642264833,6.534193239207525,15.004466496954592,1.4577122617811256,9.854370306442206,5.913412131388213,1.8127871056963158,15.00423546616912,4.878945823139929,3.568368858492704,15.01440964284484,5.44903881002665,2.758746415518999,15.004243469666108,12.844310886420772,2.28350094645657,15.009349922943784,6.574334340399673,1.738069031228406,5.429353097673356,4.869109328383274,2.9685839851922537,5.134317375341652,3.8534428817793014,2.9788558326090424,7.214027172253282,7.169382409588707,3.6586203915858277,8.869108160431551,5.299009177658718,2.813518853412006,6.7689711156356225,8.68428640061029,3.00335217673819,11.089676846049315,15.00958629079696,5.359180901066338,8.15934992294342,7.584301903685628,3.0433688584921583,15.009524877443937,8.254461128359253,3.623608465437883
4.493294244845174,4.493651792205128,4.493837110619097,5.278281905444601,3.0585927870615706,2.212419037010477,4.178554840522338,3.4487464155195084,2.3779551947377513,6.199426502326787,6.2442995233723195,2.3928919846621284,4.699249746186524,5.4143530976721195,2.2027443083361504,15.479213867919725,2.1730690312283514,2.3570655662365425,4.358802453242788,6.499068022899337,2.137679294161444,15.00941439238909,13.044264248998388,2.6036740327335792,15.009349922944693,12.899387611276325,2.713462282112232,15.004190101527001,15.009527944190268,2.278205399637045,15.009292683724652,12.264355691377204,1.9828919846640929,4.299180901066393,4.558853698237726,2.5130538220846574,4.234168179796143,4.0789458231379285,2.312902058167765,5.1636630048765255,3.4839968069818497,3.198205399638482,5.9738371106204795,5.204319640970425,3.068121795571642,7.089375204173848,15.009414392388862,2.477216437016068,6.044557589123997,6.53945565063168,4.269176704084202,5.354021247089804,6.569459314739106,3.7436436422663064,10.509491811671978,6.544331571661587,3.258427656736785
4.493837110620007,4.494027172253482,4.493472465089326,4.433640390036999,7.054498473888998,2.6234169431345435,2.5633468421774523,7.0042462264150345,3.1684169431327973,4.804266863335215,4.75907743841708,2.5029969239335514,3.258178344591215,4.644250525228017,2.6133636620616016,2.738442881779065,3.3687392728161285,1.2167412578005496,2.588045578172114,6.169009177659518,2.002144788354599,8.489480641459068,7.189270924227003,2.5930455781717683,15.244531801094126,2.3235586304026583,2.758157481687249,15.009292683724425,15.009414392389317,1.6330057204845616,15.009409642845185,9.879197269755423,1.7781645449231291,8.509280713127964,5.189004553566974,4.394022704196686,5.243863913645555,5.4539026672596265,2.4479457907377764,6.0091227669609,4.078558630403222,3.783628793533353,4.739264248998552,4.493837110619552,3.023352176737717,7.454172463883879,7.35428709440248,3.723643642267234,15.009524877443255,7.059495006615634,3.669287094403444,10.224563598321083,6.779353097672811,4.724083953340141,10.084470016990963,5.384027172253809,4.144164854429619
4.493472465093873,4.493472465092964,4.492945790739213,5.813950967098435,5.958695551969868,2.702835291068368,7.103775074505279,3.6037934639143714,2.4376104327411667,5.41403302613935,5.659072111189971,3.0686321154935285,15.008950967098826,10.624579587504968,3.1286287935317887,8.533620391584009,1.9125151357761752,1.4127563861693488,7.324044525158342,3.893885493981088,1.9782759617646661,15.009524877443482,5.0693115266026325,2.2785323534872077,11.29968395564265,10.369400835892748,2.5086549768120676,15.009527944189585,15.009078703993737,2.1884768250947673,15.009466496956065,15.009409642844048,2.578687873884519,4.944293363504812,8.679387121587752,3.9241190894208557,5.658775074505229,3.323966154197933,4.044142581682536,6.344177671573561,3.953719203204855,3.923472465093255,10.24423263383187,5.058666123878993,3.423758724291474,6.934368354159119,6.544331571660678,3.433532353486953,6.9444921328106375,9.779546594485964,4.114146076539328,11.559537196416386,6.579463293294339,4.589062589035166,9.00941439238909,5.914400835892593,3.8786878738856103
4.493651792205469,4.492945790737167,4.493114291249185,3.148114291250522,2.957817001006106,2.6487192032018356,10.124392243555349,3.0674364723327017,3.0783852069644126,5.849394056316896,5.759087911513234,2.788225155242799,6.15415608553576,3.7236436422656425,2.7231852011891533,6.353300027176147,2.0580300633348543,1.3116421365139104,2.5686878738811174,3.248674032734698,1.9329020581681107,7.8244325790374205,5.9942709242263845,3.7940774384169345,5.104141514220828,13.269596483943587,2.0933801435603527,15.009190101525974,15.009466496956065,2.3579289652088846,15.009066722106581,15.009470369767314,2.8682819054411084,10.52449181167185,4.148363662061911,3.91391010328789,15.009644039724208,13.429668293989153,3.7888718814965614,6.624330973517772,8.05413798392533,4.3386049973150875,7.108804828708571,6.088457815132642,3.0133121447533995,15.00958629079355,5.369180901066784,2.778225155241671,15.00958629079355,10.734749890965531,5.144320262608744,5.658775074505456,6.513674032734798,3.85886981956628,8.98970091288902,6.4544541773636865,3.483558630400694
4.493651792205128,4.493114291250777,4.492945790737394,3.2677122617815257,6.224028608353137,6.169146076539619,4.013532353487562,3.6483636620612288,4.158746415518181,13.91955414394181,6.024137983925812,2.993294244844037,6.279169170942168,7.29928071312861,2.7985051033483614,2.1781217955716556,3.7286169976846395,2.2477754717829157,6.779228952621793,15.009586290794687,3.068632115494438,15.009583942888412,6.604330973518017,15.009527944192087,15.00970267370235,4.324198181619067,2.7134276567367124,15.014358264367047,4.614062589032528,3.6490388100273776,13.334466496954747,15.009243469664625,1.6129807718707525,4.268592787062289,4.044142581683218,4.168583985190708,5.699382907884797,7.824436963967173,3.843887487021675,7.994444354196048,5.224010678146215,4.813931819521713,6.9136287935318705,4.313793463915772,3.1488931693602353,12.21449019899319,15.009414392390681,3.123164544923384,12.399711743440548,6.554461494541101,3.94932817591598,10.754426923634128,8.014555138851392,4.158950967098463,6.778985716774287,5.859246226414598,4.908462282111941
4.493651792205128,4.493472465092054,4.493472465092964,3.2880300633360093,3.6936049973155605,2.5077563861677845,3.313030063332917,3.6581574816882494,2.7879551947385153,3.6788393212159463,3.6688393212152732,3.2484276567374764,4.243985716779207,3.4128744472109247,3.413300027177229,7.059249746185287,4.123959464769996,3.083385206964522,7.668861815951459,3.9337089273349193,3.388300027177138,3.4440045535689023,3.283937090760446,2.3785839851911987,4.803915574366783,13.234201260244845,4.0391322418004165,5.718666123879302,3.088632115493965,14.759457488872158,3.933910103288781,13.68948030383217,3.2086517922052735,3.9486848803044268,15.009586290798325,4.219177671574926,3.7686549768095574,4.6238698195666075,5.568908207447748,3.9335051033490345,9.5441818570348,3.643401232024644,5.2887192032030725,4.834277479481898,4.0287163844086535,9.799373281055978,6.924490522413635,4.678885493981852,6.75947349088392,9.514623882302658,8.324570597350885,6.454454177363004,7.964339809648209,6.569197269755932,5.359339228280078,7.604416080030887,3.1483801435606438
4.493651792204673,4.493114291250549,4.493472465092509,3.6583636620612197,4.798758724287836,15.005703299887045,3.2682444823585683,4.648877711469595,1.9921447883525616,5.359034441677977,4.859098149577676,2.5327871056961158,4.024137983925357,4.16916917094477,2.623121795571933,2.2778744472125254,15.009190101531203,15.00419010152882,3.4137365623932965,3.759066722105672,2.328178344591379,9.074137983926448,7.774428542305486,2.9930215495396624,3.5240227041949765,3.9441238902127225,15.014470369768333,7.389177671573179,7.559185055486523,4.114146076536144,15.009355691380279,15.00940964284473,15.010586546765808,4.323990505129586,6.184286400610745,15.00952794419345,5.534213867919334,5.434355691381825,3.5931142912486393,5.4137265532672245,6.049270193484972,3.7031783445904694,4.943959464770614,6.26903444168147,15.007065566237998,5.453758724288036,15.009586290800144,3.0485927870608975,11.134598500987977,6.1344269236369655,9.034409642843002,5.479057091485174,6.864119089419546,7.803775074506575,5.143998352772087,6.4794519365295855,2.9932942448431277
4.493114291251004,4.49311429124964,4.492945790737394,3.6129807718725715,3.9229289652080297,2.9932942448431277,3.0783852069644126,3.6686203915855913,2.993294244844037,6.088749074028328,7.079496589071368,1.9925373734295135,5.0243055768219165,8.759491811671978,1.9928919846615827,15.009292683725562,2.4032381958745646,1.9932942448449467,2.6483962967695334,10.049468262796381,1.9932942448449467,15.009586290798325,5.629524877444965,2.993294244844037,5.179160492863048,5.659228952619287,7.9940152493391,5.7786770880879885,4.013729317100115,1.9928919846615827,15.009414392390681,10.399407919055193,1.9937060519678198,5.833966154199061,3.673839321216292,1.9932942448449467,6.114276763860744,5.549205211263143,3.9937060519687293,6.734225235942631,5.578924677446594,2.9932942448431277,6.0791425816819356,5.699236280080186,2.9938371106200066,11.789549139214614,7.179504354897745,2.993837110619097,9.444532068684566,8.334574230527323,5.994407465464064,8.62448364462216,12.289564780627643,1.992537373428604,8.034345189801115,11.804549139212668,4.99429268372478
4.4931142912519135,4.493472465092054,4.493651792205128,4.703739272817074,3.6931574816853754,3.9939082074488397,3.9736955519686035,6.14900303067617,1.9928919846597637,7.598768227053597,4.413666123879352,2.993021549538753,4.379016727898261,10.929434984133195,1.9928919846615827,6.759093059426732,7.859216833288883,3.99390820744793,2.1234323494047658,6.243902667259135,2.9935677145167574,10.289485629372166,5.394350483015955,4.994292683722051,15.009470369766404,15.009470369764813,2.993567714515848,15.00902270419465,15.009409642844616,1.9932942448440372,15.009235466168093,15.009349922944011,0.9925373734295135,5.529360276993202,6.08914713069214,2.9930215495396624,3.748412131386658,6.2144285423059955,2.9941227669623913,6.794098149576939,4.52351885340795,1.9932942448458562,6.644468618193741,5.539050172755196,3.993706051969639,5.1939905051290225,15.009470369768678,3.994122766961482,11.104677494828593,10.589663429359803,1.9937060519705483,15.014701468717476,6.959362814182441,5.994407465464974,6.449448171405265,6.764478957255051,4.994122766963301
4.493294244845174,4.49311429125072,4.493114291249185,4.923476825091029,2.8932381958745736,1.9928919846615827,3.203651792206074,4.204163851133671,2.668164544924366,5.023505103350772,3.238922842589659,2.9935677145167574,4.294180901066284,3.39348683963874,1.992537373426785,1.9032633947081194,14.529337086300075,2.9930215495396624,4.057744308334804,4.6990787039929955,1.9928919846624922,6.34930492383296,13.299270193484972,3.3889857167741866,5.379347847143208,13.66954376820263,1.9932942448467657,13.054525153900613,15.014022704193167,2.9932942448431277,6.88435771952004,15.009466496954701,1.9928919846624922,5.33933649941423,5.6589228425898455,1.992537373428604,3.9382759617642478,6.169428960233745,3.99370605196782,6.068580361378054,15.0095862907923,5.994263502662761,6.958996806982668,10.944511884788994,2.993567714515848,15.009527944191177,12.6644428211074,2.993021549538753,6.1594244477346365,13.744675660629127,4.994122766961482,6.369304923832715,15.00947036976595,3.994122766961482,4.633895129206849,7.01436782867313,3.9241081604318424
4.493472465092964,4.493294244845401,4.492945790738304,5.168500946457698,2.6630919291068267,3.3685051033494346,3.7334323494055752,3.6031142912506766,2.7684578151324786,4.42366612387832,4.479021247088667,3.0083521767387538,3.0038454639698102,4.303793463915554,3.1586403900373625,1.9474597218304552,2.8485009464574205,1.3070655662363606,5.24401672789827,3.6588113096972847,1.798114291251295,4.059136902904811,15.009414392388805,3.3034768250936395,3.479010678147006,3.934119089418573,3.0035677145156114,15.014122766961918,15.009349922944011,5.949260111041895,4.068945823136801,15.009078703993453,2.513352176738408,4.753416943136017,6.314298857183587,3.6940501727590345,6.069558804163989,6.8792398918628805,4.8439228425895635,7.493837110619097,6.939362814183141,5.143532353487444,4.293984123639802,5.4140459008511925,3.47901067814837,4.734264248998443,3.8940981495768483,2.703136136208741,15.009702673702805,10.589578484375352,4.099358264366401,7.344287094403171,10.679499724419088,6.324442821110097,6.893984123639257,9.439527671330097,4.789270924226912
4.493294244844947,4.493651792205355,4.493837110620007,2.9230538220872404,3.6686203915844544,2.2828057880301458,3.0328744472144535,8.994310886420863,3.1033468421760517,3.869104366364354,9.994380026317685,3.413486839639063,6.724099348798063,14.994349922942547,2.2931574816871034,13.0342566880513,10.93428071312701,1.001805708945085,2.1981434151816757,2.548329673391663,1.6679969239312413,3.7240733941930557,2.993567714513574,2.523666123878229,15.009470369767314,14.994524877443382,3.993706051969184,15.009235466167866,14.994582862524112,2.448592787063717,15.009466496954701,14.994466496954828,6.134016727897233,7.694428960233154,11.994336499414203,3.968695551969631,3.293684880305136,6.478938867470561,4.644068022900228,3.9486848803048815,4.448828635589052,3.3034428817795742,6.043871881498035,8.11423908688107,3.213205399636081,9.904286400611909,7.549298857183544,2.5130538220864764,5.999414392388189,12.994723559655995,4.129150590636527,9.519177671574425,9.679539847717479,3.218157481686376,15.008950967097917,5.439033026139327,2.8737934639170817
4.493651792204901,4.489367756922093,4.493837110620007,2.902712261780607,3.993091929105958,2.558651792204728,6.523225155244063,3.9935009464579707,,5.878839321215764,3.993500946457061,4.489225235945469,4.60851479295161,2.9935677145149384,5.559209123398887,3.3036955519685307,14.994466496956193,0.9918057089435024,15.009190101526428,7.993802453242552,5.4290330261396775,15.009292683723515,14.994582862523202,,6.294027172253209,14.994466496955738,1.4127563861679846,15.005049636282365,8.993930014081798,1.938257283092753,15.009190101526656,14.994349922943002,5.543777585683074,5.058157481686976,8.994407465465883,8.669387121587988,7.529066722105881,14.994407465464974,4.403820036201523,5.148984123639593,14.993136136208705,4.1933801435607165,3.2782444823592414,14.994466496953919,4.50386391364691,15.014409642845294,14.99429268372387,9.359246226415053,15.009243469663943,14.994641508822951,9.834457488871976,7.108663004878508,14.994582862521838,4.614235466167429,6.313893169361563,14.994700912889584,
4.492775471782352,4.493294244843582,,3.1476453653217504,2.9932942448449467,,7.378005720487181,2.992537373428604,,3.17843234940392,3.993706051967365,,4.227835291068459,11.99448030383428,,2.8482186865794574,4.993950967099863,,3.193157481686285,14.994466496956193,,15.009414392390227,11.994263502661852,,15.009299523371283,5.994263502660942,,15.01419010152813,14.994176704084566,,15.00923546616832,14.994122766961482,,3.213447459587769,3.993706051969184,,3.647919234708752,14.994524877444292,,4.723244482358041,12.994451936531277,,5.542955194739534,14.99429268372296,,13.629545311321635,3.9937060519687293,,13.619672353122496,14.994700912890494,,7.214266863337343,13.994553903509313,,4.924108160430933,8.994216833286828,
4.492945790739668,4.491604281758555,,1.9921447883539258,3.993500946455697,,4.993616997684967,3.4837561162600252,,5.994122766961709,9.40934784714679,,3.9937060519687293,15.009586290791418,,14.993726553266924,0.9918057089444119,,4.99378433870379,12.994319640969934,,14.994292683724325,14.089432579037464,,14.99458286252343,15.009583942888327,,14.99412276696171,10.934038810025186,,14.994122766961482,15.009470369764585,,3.9932942448449467,5.399185055486782,,5.993837110620007,11.994193239206652,,3.993500946456834,2.9935677145163027,,5.993706051968502,4.99429268372478,,4.9941227669608,14.994582862524112,,9.994466496954828,5.614523468070161,,5.993977660994233,7.994228120404387,,4.993784338703563,4.994122766961027,
4.493651792205355,4.493472465092761,,6.993640390036262,6.008863913646223,,14.994235466168448,15.009414392388976,,3.9939082074481576,3.263952688317886,,4.993950967098726,4.339189167990071,,2.9938371106200066,1.9433000271769068,,4.993784338703335,15.009414392388862,,7.994444354194911,8.754391762240573,,5.993837110620007,7.899334340398241,,14.994235466167993,15.009524877443368,,11.99426350266117,15.00918090106677,,7.994228120404387,5.214010678144405,,5.994407465465201,15.009355691374793,,14.991292936192622,5.039127530095442,,8.994216833287282,4.44920912339893,,5.993837110620007,15.059702022483805,,8.994504354896435,9.979377624584004,,4.993784338702881,15.009527944189017,,14.993893169362082,7.2092742166452695,
4.493651792205355,4.493114291250549,,7.993604997316197,5.413895129206594,,3.993091929105958,2.933053822087004,,8.994310886421545,3.5035283862506503,,14.989894781519979,2.983554840522629,,1.992891984661128,15.009243469665535,,14.993837110620461,3.2589458231347166,,14.994292683724098,15.009470369765836,,2.9938371106204613,7.779098149577635,,14.994176704085021,15.00941439238845,,14.993893169362536,15.009349922943784,,10.994513363399165,8.5195830699043,,5.994263502662079,4.334198181621616,,4.993950967098499,15.00952794418879,,4.993950967098726,8.379470016989899,,6.994242673470126,15.00919010152495,,14.994524877443382,13.99974342876466,,14.994641508822042,7.0140030306762355,,14.993784338701971,4.2337958833993525,
4.49241903701045,4.493472465092509,,2.2174190370101314,4.448640390037099,,2.9580770173965902,,,4.734089143255915,,,5.163998352771841,,,1.347574451368473,8.949212997220002,,1.7430690312289698,2.9683351514654532,,2.5336661238784473,,,2.7837561162596103,,,15.014292683723397,,,15.009349922943784,,,3.213915574368457,,,3.113643642264833,4.193957770347424,,4.963944074494066,7.614077438417553,,4.4240286083536375,3.4037265532668926,,5.669072111190417,15.009527944189358,,15.009235466167866,,,10.679581776535088,9.929462929855305,,4.023739272816783,8.224355141520505,
4.493294244845174,,,4.678558630404268,,,7.608964485966908,,,4.86392284259,,,5.404185055486323,,,1.9874991482079167,,,2.893822327064754,,,7.314276763862381,,,10.204307917967299,,,15.007919234708197,,,15.014349922943438,,,7.54441180428239,,,15.008545610318606,,,8.944506181045881,,,15.00940964284473,,,4.394003030676231,,,7.509524877444164,,,10.31939859295153,,,6.934368354160824,,
4.492945790737394,,,7.949224394345492,,,3.5835677145159934,,,6.049413949954669,,,2.6787392728165287,,,15.009414392389544,,,1.8182053996358718,,,15.009292683724652,,,3.05859278706248,,,15.009414392389317,,,15.009702673702805,,,6.439050172758471,,,6.664205211264743,,,4.899114235767684,,,5.669083953338259,,,14.744398592950802,,,6.914360276993648,,,4.959113083004468,,,7.279273493524897,,
4.493837110621371,,,,,,,,,,,,,,,,,,,,,,,,,,,,,,,,,,,,,,,,,,,,,,,,,,,,,,,,
